Bratislavskı kraj;45
Bratislava I-V;40
Okres Bratislava I;7
Bratislava - mestská èas Staré Mesto;7
Okres Bratislava II;12
Bratislava - mestská èas Podunajské Biskupice;3
Bratislava - mestská èas Ruinov;8
Bratislava - mestská èas Vrakuòa;1
Okres Bratislava III;4
Bratislava - mestská èas Nové Mesto;2
Bratislava - mestská èas Raèa;2
Bratislava - mestská èas Vajnory;0
Okres Bratislava IV;6
Bratislava - mestská èas Devín;0
Bratislava - mestská èas Devínska Nová Ves;0
Bratislava - mestská èas Dúbravka;2
Bratislava - mestská èas Karlova Ves;4
Bratislava - mestská èas Lamaè;0
Bratislava - mestská èas Záhorská Bystrica;0
Okres Bratislava V;11
Bratislava - mestská èas Èunovo;0
Bratislava - mestská èas Jarovce;0
Bratislava - mestská èas Petralka;11
Bratislava - mestská èas Rusovce;0
Okres Malacky;2
Borinka;0
Gajary;0
Jablonové, okres Malacky;0
Jakubov;0
Kostolište;0
Kuchyòa;0
Láb;0
Lozorno;0
Malacky;2
Malé Leváre;0
Marianka;0
Pernek;0
Plavecké Podhradie;0
Plaveckı Mikuláš;0
Plaveckı Štvrtok;0
Rohoník, okres Malacky;0
Sološnica;0
Studienka;0
Stupava;0
Suchohrad;0
Ve¾ké Leváre;0
Vysoká pri Morave;0
Záhorie (vojenskı obvod);0
Záhorská Ves;0
Závod;0
Zohor;0
Okres Pezinok;2
Báhoò;0
Budmerice;0
Èastá;0
Do¾any, okres Pezinok;0
Dubová, okres Pezinok;0
Jablonec;0
Limbach;0
Modra;1
Pezinok;1
Píla, okres Pezinok;0
Slovenskı Grob;0
Svätı Jur;0
Šenkvice;0
Štefanová;0
Vinièné;0
Vinosady;0
Vištuk;0
Okres Senec;1
Bernolákovo;0
Blatné;0
Boldog;0
Èataj;0
Dunajská Luná;0
Hamuliakovo;0
Hrubá Borša;0
Hrubı Šúr;0
Hurbanova Ves;0
Igram;0
Ivanka pri Dunaji;0
Kalinkovo;0
Kaplna;0
Kostolná pri Dunaji;0
Krá¾ová pri Senci;0
Malinovo;0
Miloslavov;0
Most pri Bratislave;0
Nová Dedinka;0
Novı Svet;0
Reca;0
Rovinka;0
Senec;1
Tomášov;0
Chorvátsky Grob;0
Tureò;0
Ve¾kı Biel;0
Vlky;0
Zálesie, okres Senec;0
Trnavskı kraj;21
Okres Dunajská Streda;7
Báè;0
Baka;0
Baloò;0
Bellova Ves;0
Blahová;0
Blatná na Ostrove;0
Bodíky;0
Bohe¾ov;0
Èakany;0
Èenkovce;0
Èiliská Radvaò;0
Dobrohoš;0
Dolnı Bar;0
Dolnı Štál;0
Dunajská Streda;4
Dunajskı Klátov;0
Gabèíkovo;0
Holice;0
Horná Potôò;0
Horné Mıto;0
Hornı Bar;0
Hubice;0
Hviezdoslavov;0
Jahodná;0
Janíky;0
Jurová;0
K¾úèovec;0
Kostolné Kraèany;0
Krá¾ovièove Kraèany;0
Kútniky;0
Kvetoslavov;0
Kyselica;0
Lehnice;0
Lúè na Ostrove;0
Macov;0
Mad;0
Malé Dvorníky;0
Medveïov;0
Mierovo;0
Michal na Ostrove;0
Òárad;0
Novı ivot;0
Ohrady;0
Okoè;0
O¾dza;0
Orechová Potôò;0
Padáò;0
Pataš;0
Potônske Lúky;0
Povoda;0
Rohovce;0
Sap;0
Šamorín;3
Štvrtok na Ostrove;0
Topo¾níky;0
Trhová Hradská;0
Trnávka, okres Dunajská Streda;0
Trstená na Ostrove;0
Ve¾ká Paka;0
Ve¾ké Blahovo;0
Ve¾ké Dvorníky;0
Ve¾kı Meder;0
Vieska, okres Dunajská Streda;0
Vojka nad Dunajom;0
Vrakúò;0
Vydrany;0
Zlaté Klasy;0
Okres Galanta;4
Abrahám;0
Èierna Voda;0
Èierny Brod;0
Dolná Streda;0
Dolné Saliby;0
Dolnı Chotár;0
Galanta;3
Gáò;0
Horné Saliby;0
Hoste;0
Jánovce, okres Galanta;0
Jelka;0
Kajal;0
Košúty;0
Krá¾ov Brod;0
Malá Maèa;0
Matúškovo;0
Mostová;0
Pata;0
Pusté Sady;0
Pusté Ú¾any;0
Sereï;1
Sládkovièovo;0
Šalgoèka;0
Šintava;0
Šoporòa;0
Tomášikovo;0
Topo¾nica;0
Trstice;0
Váhovce;0
Ve¾ká Maèa;0
Ve¾ké Ú¾any;0
Ve¾kı Grob;0
Vinohrady nad Váhom;0
Vozokany, okres Galanta;0
Zemianske Sady;0
Okres Hlohovec;1
Bojnièky;0
Èerveník;0
Dolné Otrokovce;0
Dolné Trhovište;0
Dolné Zelenice;0
Dvorníky;0
Hlohovec;1
Horné Otrokovce;0
Horné Trhovište;0
Horné Zelenice;0
Jalšové;0
K¾aèany;0
Koplotovce;0
Leopoldov;0
Madunice;0
Merašice;0
Pastuchov;0
Ratkovce;0
Sasinkovo;0
Siladice;0
Tekolïany;0
Teplièky;0
Trakovice;0
lkovce;0
Okres Piešany;2
Banka;0
Bašovce;0
Borovce;0
Dolnı Lopašov;0
Drahovce;0
Dubovany;0
Ducové;0
Hubina;0
Koèín-Lanèár;0
Krakovany;0
Moravany nad Váhom;0
Niná, okres Piešany;0
Ostrov, okres Piešany;0
Peèeòady;0
Piešany;1
Prašník;0
Rakovice;0
Ratnovce;0
Sokolovce;0
Šípkové;0
Šterusy;0
Trebatice;0
Chtelnica;0
Ve¾ké Kosto¾any;0
Ve¾ké Orvište;0
Veselé;0
Vrbové;1
Okres Senica;1
Bílkove Humence;0
Borskı Mikuláš;0
Borskı Svätı Jur;0
Cerová;0
Èáry;0
Èastkov;0
Dojè;0
Hlboké;0
Hradište pod Vrátnom;0
Jablonica;0
Koválov;0
Kuklov;0
Kúty;0
Lakšárska Nová Ves;0
Moravskı Svätı Ján;0
Osuské;0
Plaveckı Peter;0
Podbranè;0
Prietr;0
Prievaly;0
Rohov;0
Rovensko;0
Rybky;0
Sekule;0
Senica;1
Smolinské;0
Smrdáky;0
Sobotište;0
Šajdíkove Humence;0
Šaštín-Stráe;0
Štefanov;0
Okres Skalica;1
Brodské;0
Dubovce;0
Gbely;0
Holíè;0
Kátov;0
Kopèany;0
Koválovec;0
Letnièie;0
Lopašov;0
Mokrı Háj;0
Oreské, okres Skalica;0
Petrova Ves;0
Popudinské Moèid¾any;0
Prietrka;0
Radimov;0
Radošovce, okres Skalica;0
Skalica;1
Trnovec;0
Chropov;0
Unín;0
Vrádište;0
Okres Trnava;5
Biely Kostol;0
Bíòovce;0
Bohdanovce nad Trnavou;0
Boleráz;0
Borová;0
Brestovany;0
Buèany;0
Buková;0
Cífer;0
Dechtice;0
Dlhá;0
Dobrá Voda;0
Dolná Krupá;0
Dolné Dubové;0
Dolné Lovèice;0
Dolné Orešany;0
Horná Krupá;0
Horné Dubové;0
Horné Orešany;0
Hrnèiarovce nad Parnou;0
Jaslovské Bohunice;0
Kátlovce;0
Košolná;0
Kriovany nad Dudváhom;0
Lošonec;0
Majcichov;0
Malenice;0
Naháè;0
Opoj;0
Pavlice;0
Radošovce, okres Trnava;0
Ruindol;0
Slovenská Nová Ves;0
Smolenice;0
Suchá nad Parnou;0
Šelpice;0
Špaèince;0
Šúrovce;0
Trnava;5
Trstín;0
Vlèkovce;0
Voderady;0
Zavar;0
Zeleneè;0
Zvonèín;0
Trenèiansky kraj;17
Okres Bánovce nad Bebravou;1
Bánovce nad Bebravou;1
Borèany;0
Brezolupy;0
Cimenná;0
Èierna Lehota, okres Bánovce nad Bebravou;0
Deerice;0
Dolné Naštice;0
Dubnièka;0
Dvorec;0
Haláèovce;0
Horné Naštice;0
Krásna Ves;0
Kšinná;0
Libichava;0
¼utov;0
Malá Hradná;0
Malé Hoste;0
Miezgovce;0
Nedašovce;0
Omastiná;0
Otrhánky;0
Peèeòany;0
Podluany, okres Bánovce nad Bebravou;0
Pochabany;0
Pravotice;0
Prusy;0
Ruskovce, okres Bánovce nad Bebravou;0
Rybany;0
Slatina nad Bebravou;0
Slatinka nad Bebravou;0
Šišov;0
Šípkov;0
Timoradza;0
Trebichava;0
Chudá Lehota;0
Uhrovec;0
Uhrovské Podhradie;0
Ve¾ké Drkovce;0
Ve¾ké Hoste;0
Ve¾ké Chlievany;0
Vysoèany;0
itná-Radiša;0
Zlatníky;0
Okres Ilava;2
Bohunice, okres Ilava;0
Bolešov;0
Borèice;0
Èervenı Kameò;0
Dubnica nad Váhom;1
Dulov;0
Horná Poruba;0
Ilava;0
Kamenièany;0
Košeca;0
Košecké Podhradie;0
Krivoklát;0
Ladce;0
Mikušovce, okres Ilava;0
Nová Dubnica;1
Pruské;0
Sedmerovec;0
Slavnica;0
Tuchyòa;0
Vršatské Podhradie;0
Zliechov;0
Okres Myjava;1
Brestovec, okres Myjava;0
Brezová pod Bradlom;0
Bukovec, okres Myjava;0
Hrašné;0
Jablonka;0
Kostolné;0
Košariská;0
Krajné;0
Myjava;1
Podkylava;0
Polianka;0
Poriadie;0
Priepasné;0
Rudník, okres Myjava;0
Stará Myjava;0
Chvojnica, okres Myjava;0
Vrbovce;0
Okres Nové Mesto nad Váhom;3
Beckov;0
Bošáca;0
Brunovce;0
Bzince pod Javorinou;0
Èastkovce;0
Èachtice;0
Dolné Srnie;0
Haluzice;0
Hôrka nad Váhom;0
Horná Streda;0
Hrádok;0
Hrachovište;0
Kálnica;0
Koèovce;0
Lubina;0
Lúka;0
Modrová;0
Modrovka;0
Moravské Lieskové;0
Nová Bošáca;0
Nová Lehota;0
Nová Ves nad Váhom;0
Nové Mesto nad Váhom;3
Oèkov;0
Pobedim;0
Podolie;0
Potvorice;0
Povaany;0
Stará Lehota;0
Stará Turá;0
Trenèianske Bohuslavice;0
Vaïovce;0
Višòové, okres Nové Mesto nad Váhom;0
Zemianske Podhradie;0
Okres Partizánske;1
Bošany;0
Brodzany;0
Hradište, okres Partizánske;0
Ješkova Ves;0
Klátova Nová Ves;0
Kolaèno;0
Krásno;0
Livina;0
Livinské Opatovce;0
Malé Kršteòany;0
Malé Uherce;0
Nadlice;0
Nedanovce;0
Ostratice;0
Partizánske;1
Pai;0
Skaèany;0
Turèianky;0
Chynorany;0
Ve¾ké Kršteòany;0
Ve¾ké Uherce;0
Ve¾kı Klí;0
abokreky nad Nitrou;0
Okres Povaská Bystrica;1
Bodiná;0
Brvnište;0
Èelkova Lehota;0
Dolná Mariková;0
Dolnı Lieskov;0
Domania;0
Ïurïové;0
Hatné;0
Horná Mariková;0
Hornı Lieskov;0
Jasenica;0
Klieština;0
Kostolec;0
Malé Lednice;0
Papradno;0
Plevník-Drienové;0
Poèarová;0
Podskalie;0
Povaská Bystrica;1
Preèín;0
Pruina;0
Sádoèné;0
Slopná;0
Stupné;0
Sverepec;0
Udièa;0
Vrchteplá;0
Záskalie;0
Okres Prievidza;2
Bojnice;0
Bystrièany;0
Cige¾;0
Èavoj;0
Èereòany;0
Diviacka Nová Ves;0
Diviaky nad Nitricou;0
Dlín;0
Dolné Vestenice;0
Handlová;0
Horná Ves, okres Prievidza;0
Horné Vestenice;0
Jalovec, okres Prievidza;0
Kamenec pod Vtáènikom;0
Kanianka;0
K¾aèno;0
Kocurany;0
Kostolná Ves;0
Koš;0
Lazany;0
Lehota pod Vtáènikom;0
Liešany;0
Lipník;0
Malá Èausa;0
Malinová;0
Nedoery-Brezany;0
Nevidzany, okres Prievidza;0
Nitrianske Pravno;0
Nitrianske Rudno;0
Nitrianske Suèany;0
Nitrica;0
Nováky;0
Opatovce nad Nitrou;0
Oslany;0
Podhradie, okres Prievidza;0
Poluvsie;0
Poruba;0
Pravenec;0
Prievidza;2
Radobica;0
Ráztoèno;0
Rudnianska Lehota;0
Sebedraie;0
Seè;0
Šútovce;0
Temeš;0
Chrenovec-Brusno;0
Tuina;0
Chvojnica, okres Prievidza;0
Valaská Belá;0
Ve¾ká Èausa;0
Zemianske Kosto¾any;0
Okres Púchov;1
Beluša;0
Dohòany;0
Dolná Breznica;0
Dolné Koèkovce;0
Horná Breznica;0
Horovce, okres Púchov;0
Kvašov;0
Lazy pod Makytou;0
Lednica;0
Lednické Rovne;0
Lúky;0
Lysá pod Makytou;0
Mesteèko;0
Mojtín;0
Nimnica;0
Púchov;1
Streenice;0
Visolaje;0
Vydrná;0
Zárieèie;0
Zubák;0
Okres Trenèín;5
Adamovské Kochanovce;0
Bobot;0
Dolná Poruba;0
Dolná Súèa;0
Drietoma;0
Dubodiel;0
Horná Súèa;0
Horòany;0
Horné Srnie;0
Hrabovka;0
Ivanovce;0
Kostolná-Zárieèie;0
Krivosúd-Bodovka;0
Melèice-Lieskové;0
Mníchova Lehota;0
Motešice;0
Nemšová;0
Neporadza, okres Trenèín;0
Omšenie;0
Opatovce;0
Petrova Lehota;0
Selec;0
Skalka nad Váhom;0
Soblahov;0
Svinná;0
Štvrtok;0
Chocholná-Velèice;0
Trenèianska Teplá;0
Trenèianska Turná;0
Trenèianske Jastrabie;0
Trenèianske Mitice;0
Trenèianske Stankovce;0
Trenèianske Teplice;1
Trenèín;4
Ve¾ká Hradná;0
Ve¾ké Bierovce;0
Zamarovce;0
Nitriansky kraj;22
Okres Komárno;3
Bajè;0
Bátorove Kosihy;0
Bodza;0
Bodzianske Lúky;0
Brestovec, okres Komárno;0
Búè;0
Èalovec;0
Èíèov;0
Dedina Mládee;0
Dulovce;0
Holiare;0
Hurbanovo;0
Ime¾;0
Ia;0
Kamenièná;0
Klíska Nemá;0
Kolárovo;0
Komárno;3
Kravany nad Dunajom;0
Lipové;0
Marcelová;0
Martovce;0
Moèa;0
Modrany;0
Mudroòovo;0
Nesvady;0
Okolièná na Ostrove;0
Patince;0
Pribeta;0
Radvaò nad Dunajom;0
Sokolce;0
Svätı Peter;0
Šrobárová;0
Tôò;0
Chotín;0
Trávnik;0
Ve¾ké Kosihy;0
Virt;0
Vrbová nad Váhom;0
Zemianska Olèa;0
Zlatná na Ostrove;0
Okres Levice;6
Bajka;0
Bátovce;0
Beša, okres Levice;0
Bielovce;0
Bohunice, okres Levice;0
Bory;0
Brhlovce;0
Èajkov;0
Èaka;0
Èata;0
Demandice;0
Devièany;0
Dolná Seè;0
Dolné Semerovce;0
Dolnı Pial;0
Domadice;0
Drenice;0
Farná;0
Hokovce;0
Hontianska Vrbica;0
Hontianske Trsany;0
Horná Seè;0
Horné Semerovce;0
Horné Turovce;0
Hornı Pial;0
Hrkovce;0
Hronovce;0
Hronské K¾aèany;0
Hronské Kosihy;0
Iòa;0
Ipe¾ské Ú¾any;0
Ipe¾skı Sokolec;0
Jabloòovce;0
Jesenské, okres Levice;0
Jur nad Hronom;0
Kalná nad Hronom;0
Ke;0
Kozárovce;0
Krškany;0
Kubáòovo;0
Kukuèínov;0
Kura¾any;0
Levice;2
Lok;0
Lontov;0
Lula;0
Málaš;0
Malé Kozmálovce;0
Malé Ludince;0
Mıtne Ludany;0
Nová Dedina;0
Novı Tekov;0
Nırovce;0
Ondrejovce;0
Pastovce;0
Peèenice;0
Plášovce;0
Plavé Vozokany;0
Podluany, okres Levice;0
Pohronskı Ruskov;0
Pukanec;0
Rybník, okres Levice;0
Santovka;0
Sazdice;0
Sikenica;0
Slatina;0
Starı Hrádok;0
Starı Tekov;0
Šahy;3
Šalov;0
Šarovce;0
Tehla;0
Tekovské Luany;0
Tekovskı Hrádok;0
Tlmaèe;0
Tupá;0
Turá;0
Uhliská;0
Ve¾ké Kozmálovce;0
Ve¾ké Ludince;0
Ve¾ké Turovce;0
Ve¾kı Ïur;0
Vyškovce nad Ip¾om;0
Vyšné nad Hronom;0
Zalaba;0
Zbrojníky;0
eliezovce;1
emberovce;0
emliare;0
Okres Nitra;6
Alekšince;0
Báb;0
Babindol;0
Bádice;0
Branè;0
Cabaj-Èápor;0
Èab;0
Èakajovce;0
Èe¾adice;0
Èechynce;0
Èifáre;0
Dolné Lefantovce;0
Dolné Obdokovce;0
Golianovo;0
Horné Lefantovce;0
Hosová;0
Hruboòovo;0
Ivanka pri Nitre;0
Jarok;0
Jelenec;0
Jelšovce;0
Kapince;0
Klasov;0
Kolíòany;0
Lehota;0
Lúènica nad itavou;0
¼udovítová;0
Lukáèovce;0
Luianky;0
Malé Chyndice;0
Malé Záluie;0
Malı Cetín;0
Malı Lapáš;0
Melek;0
Mojmírovce;0
Nitra;5
Nitrianske Hrnèiarovce;0
Nová Ves nad itavou;0
Nové Sady;0
Paòa;0
Podhorany, okres Nitra;0
Pohranice;0
Po¾nı Kesov;0
Rišòovce;0
Rumanová;0
Svätoplukovo;0
Štefanovièová;0
Štitáre;0
Šurianky;0
Tajná;0
Telince;0
Ve¾ká Dolina;0
Ve¾ké Chyndice;0
Ve¾ké Záluie;0
Ve¾kı Cetín;0
Ve¾kı Lapáš;0
Vinodol;0
Vráble;1
Vıèapy-Opatovce;0
Zbehy;0
irany;0
itavce;0
Okres Nové Zámky;4
Andovce;0
Bajtava;0
Bánov;0
Bardoòovo;0
Belá, okres Nové Zámky;0
Bešeòov;0
Bíòa;0
Branovo;0
Bruty;0
Èerník;0
Èechy;0
Dedinka;0
Dolnı Ohaj;0
Dubník;0
Dvory nad itavou;0
Gbelce;0
Hul;0
Jasová;0
Jatov;0
Kamenica nad Hronom;0
Kamenín;0
Kamennı Most;0
Kmeovo;0
Kolta;0
Komjatice;0
Komoèa;0
Le¾a;0
Lipová, okres Nové Zámky;0
¼ubá;0
Malá nad Hronom;0
Malé Kosihy;0
Maòa;0
Michal nad itavou;0
Mojzesovo;0
Mula;0
Nána;0
Nová Vieska;0
Nové Zámky;2
Obid;0
Palárikovo;0
Pavlová;0
Podhájska;0
Pozba;0
Radava;0
Rastislavice;0
Rúbaò;0
Salka;0
Semerovo;0
Sikenièka;0
Strekov;0
Svodín;0
Šarkan;0
Štúrovo;1
Šurany;1
Ch¾aba;0
Trávnica;0
Tvrdošovce;0
Ú¾any nad itavou;0
Ve¾ké Lovce;0
Ve¾kı Kır;0
Vlkas;0
Zemné;0
Okres Ša¾a;1
Diakovce;0
Dlhá nad Váhom;0
Hájske;0
Horná Krá¾ová;0
Krá¾ová nad Váhom;0
Moèenok;0
Neded;0
Selice;0
Ša¾a;1
Tešedíkovo;0
Trnovec nad Váhom;0
Vlèany;0
ihárec;0
Okres Topo¾èany;1
Ardanovce;0
Belince;0
Biskupová;0
Blesovce;0
Bojná;0
Èe¾adince;0
Èermany;0
Dvorany nad Nitrou;0
Hajná Nová Ves;0
Horné Obdokovce;0
Horné Štitáre;0
Horné Chlebany;0
Hrušovany;0
Jacovce;0
Kamanová;0
Koniarovce;0
Kovarce;0
Krnèa;0
Krtovce;0
Krušovce;0
Kuzmice, okres Topo¾èany;0
Lipovník, okres Topo¾èany;0
Ludanice;0
Luany;0
Malé Ripòany;0
Nemèice;0
Nemeèky;0
Nitrianska Blatnica;0
Nitrianska Streda;0
Norovce;0
Oponice;0
Orešany;0
Podhradie, okres Topo¾èany;0
Prašice;0
Práznovce;0
Prese¾any;0
Radošina;0
Rajèany;0
Solèany;0
Solèianky;0
Súlovce;0
Svrbice;0
Šalgovce;0
Tesáre;0
Topo¾èany;1
Tovarníky;0
Chrabrany;0
Tvrdomestice;0
Urmince;0
Ve¾ké Dvorany;0
Ve¾ké Ripòany;0
Velušovce;0
Vozokany, okres Topo¾èany;0
Závada, okres Topo¾èany;0
Okres Zlaté Moravce;1
Beladice;0
Èaradice;0
Èervenı Hrádok;0
Èierne K¾aèany;0
Hostie;0
Hosovce, okres Zlaté Moravce;0
Jed¾ové Kosto¾any;0
Kosto¾any pod Tribeèom;0
Ladice;0
Lovce;0
Malé Vozokany;0
Mankovce;0
Martin nad itavou;0
Machulince;0
Nemèiòany;0
Neverice;0
Nevidzany, okres Zlaté Moravce;0
Obyce;0
Skıcov;0
S¾aany;0
Slepèany;0
Tekovské Nemce;0
Tesárske Mlyòany;0
Choèa;0
Topo¾èianky;0
Velèice;0
Ve¾ké Vozokany;0
Vieska nad itavou;0
Volkovce;0
ikava;0
Zlaté Moravce;1
Zlatno, okres Zlaté Moravce;0
itavany;0
ilinskı kraj;30
Okres Bytèa;1
Bytèa;1
Hlboké nad Váhom;0
Hvozdnica;0
Jablonové, okres Bytèa;0
Kolárovice;0
Kotešová;0
Maršová-Rašov;0
Petrovice;0
Predmier;0
Sú¾ov-Hradná;0
Štiavnik;0
Ve¾ké Rovné;0
Okres Èadca;2
Èadca;1
Èierne;0
Dlhá nad Kysucou;0
Dunajov;0
Klokoèov, okres Èadca;0
Klubina;0
Koròa;0
Krásno nad Kysucou;0
Makov;0
Nová Bystrica;0
Olešná;0
Ošèadnica;0
Podvysoká;0
Radôstka;0
Raková;0
Skalité;0
Stará Bystrica;0
Staškov;0
Svrèinovec;0
Turzovka;1
Vysoká nad Kysucou;0
Zákopèie;0
Zborov nad Bystricou;0
Okres Dolnı Kubín;2
Bziny;0
Dlhá nad Oravou;0
Dolnı Kubín;2
Horná Lehota, okres Dolnı Kubín;0
Istebné;0
Jasenová;0
Kra¾ovany;0
Krivá;0
Leštiny;0
Malatiná;0
Medzibrodie nad Oravou;0
Oravská Poruba;0
Oravskı Podzámok;0
Osádka;0
Párnica;0
Pokryváè;0
Pribiš;0
Pucov;0
Sedliacka Dubová;0
Chlebnice;0
Velièná;0
Vyšnı Kubín;0
aškov;0
Zázrivá;0
Okres Kysucké Nové Mesto;1
Dolnı Vadièov;0
Hornı Vadièov;0
Kysucké Nové Mesto;1
Kysuckı Lieskovec;0
Lodno;0
Lopušné Paite;0
Nesluša;0
Ochodnica;0
Povina;0
Rado¾a;0
Rudina;0
Rudinka;0
Rudinská;0
Snenica;0
Okres Liptovskı Mikuláš;3
Beòadiková;0
Bobrovèek;0
Bobrovec;0
Bobrovník;0
Bukovina;0
Demänovská Dolina;0
Dúbrava, okres Liptovskı Mikuláš;0
Galovany;0
Gôtovany;0
Huty;0
Hybe;0
Iipovce;0
Jakubovany, okres Liptovskı Mikuláš;0
Jalovec, okres Liptovskı Mikuláš;0
Jamník, okres Liptovskı Mikuláš;0
Konská, okres Liptovskı Mikuláš;0
Krá¾ova Lehota;0
Kvaèany, okres Liptovskı Mikuláš;0
Lazisko;0
Liptovská Anna;0
Liptovská Kokava;0
Liptovská Porúbka;0
Liptovská Sielnica;0
Liptovské Beharovce;0
Liptovské K¾aèany;0
Liptovské Matiašovce;0
Liptovskı Hrádok;1
Liptovskı Ján;0
Liptovskı Mikuláš;2
Liptovskı Ondrej;0
Liptovskı Peter;0
Liptovskı Trnovec;0
¼ube¾a;0
Malatíny;0
Malé Borové;0
Maluiná;0
Niná Boca;0
Partizánska ¼upèa;0
Pavèina Lehota;0
Pavlova Ves;0
Podtureò;0
Pribylina;0
Prosiek;0
Smreèany;0
Svätı Krí;0
Trstené;0
Uhorská Ves;0
Vavrišovo;0
Vaec;0
Ve¾ké Borové;0
Veterná Poruba;0
Vlachy;0
Vyšná Boca;0
Vıchodná;0
Závaná Poruba;0
iar, okres Liptovskı Mikuláš;0
Okres Martin;5
Belá-Dulice;0
Benice;0
Blatnica;0
Bystrièka;0
Ïanová;0
Diaková;0
Dolnı Kalník;0
Drakovce;0
Folkušová;0
Hornı Kalník;0
Karlová;0
Kláštor pod Znievom;0
Košany nad Turcom;0
Krpe¾any;0
Laskár;0
Leiachov;0
Lipovec, okres Martin;0
Martin;3
Necpaly;0
Nolèovo;0
Podhradie, okres Martin;0
Príbovce;0
Rakovo;0
Ratkovo;0
Sklabiòa;0
Sklabinskı Podzámok;0
Slovany;0
Socovce;0
Suèany;1
Šútovo;0
Trebostovo;0
Trnovo;0
Turany;0
Turèianska Štiavnièka;0
Turèianske Jaseno;0
Turèianske K¾aèany;0
Turèiansky Ïur;0
Turèiansky Peter;0
Valèa;0
Vrícko;0
Vrútky;1
abokreky;0
Záborie;0
Okres Námestovo;1
Babín;0
Beòadovo;0
Bobrov;0
Breza;0
Hruštín;0
Klin;0
Krušetnica;0
Lokca;0
Lomná;0
Mútne;0
Námestovo;1
Novo;0
Oravská Jasenica;0
Oravská Lesná;0
Oravská Polhora;0
Oravské Veselé;0
Rabèa;0
Rabèice;0
Sihelné;0
apešovo;0
Vasi¾ov;0
Vavreèka;0
Zákamenné;0
Zubrohlava;0
Okres Ruomberok;3
Bešeòová;0
Hubová;0
Ivachnová;0
Kalameny;0
Komjatná;0
Likavka;0
Liptovská Lúna;0
Liptovská Osada;0
Liptovská Štiavnica;0
Liptovská Teplá;0
Liptovské Revúce;0
Liptovskı Michal;0
Lisková;0
¼ubochòa;0
Lúèky, okres Ruomberok;0
Ludrová;0
Martinèek;0
Potok, okres Ruomberok;0
Ruomberok;3
Liptovské Sliaèe;0
Stankovany;0
Štiavnièka;0
Švošov;0
Turík;0
Valaská Dubová;0
Okres Turèianske Teplice;1
Abramová;0
Blaovce;0
Bodorová;0
Borcová;0
Brieštie;0
Budiš;0
Èremošné;0
Dubové, okres Turèianske Teplice;0
Háj, okres Turèianske Teplice;0
Horná Štubòa;0
Ivanèiná;0
Jasenovo;0
Jazernica;0
Ka¾amenová;0
Liešno;0
Malı Èepèín;0
Moškovec;0
Mošovce;0
Ondrašová;0
Rakša;0
Rudno;0
Sklené;0
Slovenské Pravno;0
Turèek;0
Turèianske Teplice;1
Ve¾kı Èepèín;0
Okres Tvrdošín;2
Brezovica, okres Tvrdošín;0
Èimhová;0
Habovka;0
Hladovka;0
Liesek;0
Niná, okres Tvrdošín;0
Oravskı Biely Potok;0
Podbiel;0
Suchá Hora;0
Štefanov nad Oravou;0
Trstená;1
Tvrdošín;1
Vitanová;0
Zábiedovo;0
Zuberec;0
Okres ilina;9
Belá, okres ilina;0
Bitarová;0
Brezany;0
Èièmany;0
Divina;0
Divinka;0
Dlhé Pole;0
Dolná Tiina;0
Dolnı Hrièov;0
Ïurèiná;0
Faèkov;0
Gbe¾any;0
Hôrky;0
Hornı Hrièov;0
Hrièovské Podhradie;0
Jasenové;0
Kamenná Poruba, okres ilina;0
K¾aèe;0
Konská, okres ilina;0
Kotrèiná Lúèka;0
Krasòany;0
Kunerad;0
Lietava;0
Lietavská Lúèka;0
Lietavská Svinná-Babkov;0
Lutiše;0
Lysica;0
Malá Èierna;0
Mojš;0
Nededza;0
Nezbudská Lúèka;0
Ovèiarsko;0
Paština Závada;0
Podhorie, okres ilina;0
Porúbka, okres ilina;0
Rajec;1
Rajecká Lesná;0
Rajecké Teplice;0
Rosina;0
Stráòavy;0
Stránske;0
Stráa;0
Streèno;0
Svederník;0
Šuja;0
Teplièka nad Váhom;0
Terchová;0
Turie;0
Varín;0
Ve¾ká Èierna;0
Višòové, okres ilina;0
Zbyòov;0
ilina;8
Banskobystrickı kraj;27
Okres Banská Bystrica;7
Badín;0
Baláe;0
Banská Bystrica;7
Brusno;0
Èerín;0
Dolná Mièiná;0
Dolnı Harmanec;0
Donovaly;0
Dúbravica;0
Harmanec;0
Hiade¾;0
Horná Mièiná;0
Horné Pršany;0
Hronsek;0
Hrocho;0
Kordíky;0
Králiky;0
Kynce¾ová;0
¼ubietová;0
Luèatín;0
Malachov;0
Medzibrod;0
Môlèa;0
Moštenica;0
Motyèky;0
Nemce;0
Oravce;0
Podkonice;0
Pohronskı Bukovec;0
Poniky;0
Povrazník;0
Priechod;0
Rieèka, okres Banská Bystrica;0
Sebedín-Beèov;0
Selce, okres Banská Bystrica;0
Slovenská ¼upèa;0
Staré Hory;0
Strelníky;0
Špania Dolina;0
Tajov;0
Turecká;0
Vlkanová;0
Okres Banská Štiavnica;1
Baïan;0
Banská Belá;0
Banská Štiavnica;1
Banskı Studenec;0
Beluj;0
Dekıš;0
Ilija;0
Kozelník;0
Moèiar;0
Poèúvadlo;0
Podhorie, okres Banská Štiavnica;0
Prenèov;0
Svätı Anton;0
Štiavnické Bane;0
Vysoká, okres Banská Štiavnica;0
Okres Brezno;2
Bacúch;0
Beòuš;0
Braväcovo;0
Brezno;1
Bystrá, okres Brezno;0
Èierny Balog;0
Dolná Lehota;0
Drábsko;0
He¾pa;0
Horná Lehota, okres Brezno;0
Hronec;0
Jarabá;0
Jasenie;0
Lom nad Rimavicou;0
Michalová;0
Mıto pod Ïumbierom;0
Nemecká;0
Osrblie;0
Podbrezová;1
Pohorelá;0
Pohronská Polhora;0
Polomka;0
Predajná;0
Ráztoka;0
Sihla;0
Šumiac;0
Telgárt;0
Valaská;0
Va¾kovòa;0
Závadka nad Hronom;0
Okres Detva;1
Detva;1
Detvianska Huta;0
Dúbravy;0
Hornı Tisovník;0
Hriòová;0
Klokoè;0
Korytárky;0
Kriváò;0
Látky;0
Podkriváò;0
Slatinské Lazy;0
Stará Huta;0
Stook;0
Víg¾aš;0
Víg¾ašská Huta-Kalinka;0
Okres Krupina;1
Bzovík;0
Cerovo;0
Èabradskı Vrbovok;0
Èekovce;0
Devièie;0
Dolné Mladonice;0
Dolnı Badín;0
Domaníky;0
Dráovce;0
Drienovo;0
Dudince;0
Hontianske Moravce;0
Hontianske Nemce;0
Hontianske Tesáre;0
Horné Mladonice;0
Hornı Badín;0
Jalšovík;0
Kozí Vrbovok;0
Krá¾ovce-Krnišov;0
Krupina;1
Lackov;0
Ladzany;0
Lišov;0
Litava;0
Medovarce;0
Rykynèice;0
Sebechleby;0
Selce, okres Krupina;0
Senohrad;0
Sudince;0
Súdovce;0
Terany;0
Trpín;0
Uòatín;0
Zemiansky Vrbovok;0
ibritov;0
Okres Luèenec;3
Ábelová;0
Belina;0
Biskupice;0
Bo¾kovce;0
Budiná;0
Bulhary;0
Buzitka;0
Èakanovce, okres Luèenec;0
Èamovce;0
Divín;0
Dobroè;0
Fi¾akovo;1
Fi¾akovské Kováèe;0
Gregorova Vieska;0
Haliè;0
Holiša;0
Jelšovec;0
Kalonda;0
Kotmanová;0
Lehôtka;0
Lentvora;0
Lipovany;0
Lovinobaòa;0
¼uboreè;0
Luèenec;2
Lupoè;0
Mašková;0
Mikušovce, okres Luèenec;0
Muèín;0
Mıtna;0
Nitra nad Ip¾om;0
Nové Hony;0
Panické Dravce;0
Pleš;0
Píla, okres Luèenec;0
Pinciná;0
Podreèany;0
Polichno;0
Praha;0
Prša;0
Radzovce;0
Rapovce;0
Ratka;0
Ruiná;0
Stará Haliè;0
Šávo¾;0
Šiatorská Bukovinka;0
Šíd;0
Šurice;0
Toènica;0
Tomášovce, okres Luèenec;0
Trebe¾ovce;0
Trenè;0
Tuhár;0
Ve¾ká nad Ip¾om;0
Ve¾ké Dravce;0
Vidiná;0
Okres Poltár;0
Breznièka, okres Poltár;0
Cinobaòa;0
Èeské Brezovo;0
Ïubákovo;0
Hradište, okres Poltár;0
Hrnèiarska Ves;0
Hrnèiarske Zaluany;0
Kalinovo;0
Kokava nad Rimavicou;0
Krná;0
Málinec;0
Mládzovo;0
Ozdín;0
Poltár;0
Rovòany;0
Selce, okres Poltár;0
Sušany;0
Šoltıska;0
Uhorské;0
Utekáè;0
Ve¾ká Ves;0
Zlatno, okres Poltár;0
Okres Revúca;1
Drkovce;0
Gemer;0
Gemerská Ves;0
Gemerské Teplice;0
Gemerskı Sad;0
Hrlica;0
Hucín;0
Jelšava;0
Kameòany;0
Leváre;0
Levkuška;0
Licince;0
Lubeník;0
Magnezitovce;0
Mokrá Lúka;0
Muráò;0
Muránska Dlhá Lúka;0
Muránska Huta;0
Muránska Lehota;0
Muránska Zdychava;0
Nandra;0
Otroèok;0
Ploské, okres Revúca;0
Polina;0
Prihradzany;0
Rákoš, okres Revúca;0
Rašice;0
Ratková;0
Ratkovské Bystré;0
Revúca;1
Revúcka Lehota;0
Rybník, okres Revúca;0
Sása, okres Revúca;0
Sirk;0
Skerešovo;0
Šivetice;0
Torna¾a;0
Turèok;0
Chvalová;0
Chyné;0
Višòové, okres Revúca;0
iar, okres Revúca;0
Okres Rimavská Sobota;4
Abovce;0
Babinec;0
Barca;0
Bátka;0
Belín;0
Blhovce;0
Bottovo;0
Budikovany;0
Cakov;0
Èerenèany;0
Èierny Potok;0
Èí;0
Dolné Zahorany;0
Draice;0
Drienèany;0
Dròa;0
Dubno;0
Dubovec;0
Dulovo;0
Figa;0
Gemerèek;0
Gemerské Dechtáre;0
Gemerské Michalovce;0
Gemerskı Jablonec;0
Gortva;0
Hajnáèka;0
Hnúša;1
Hodejov;0
Hodejovec;0
Horné Zahorany;0
Hostice;0
Hostišovce;0
Hrachovo;0
Hrušovo;0
Hubovo;0
Husiná;0
Ivanice;0
Janice;0
Jesenské, okres Rimavská Sobota;0
Jestice;0
Kaloša;0
Kesovce;0
Klenovec;0
Kociha;0
Konrádovce;0
Krá¾;0
Kraskovo;0
Krokava;0
Kruno;0
Kyjatice;0
Lehota nad Rimavicou;0
Lenartovce;0
Lenka;0
Lipovec, okres Rimavská Sobota;0
Lukovištia;0
Martinová;0
Neporadza, okres Rimavská Sobota;0
Ninı Skálnik;0
Nová Bašta;0
Orávka;0
Oïany;0
Padarovce;0
Pavlovce, okres Rimavská Sobota;0
Petrovce, okres Rimavská Sobota;0
Poproè, okres Rimavská Sobota;0
Potok, okres Rimavská Sobota;0
Radnovce;0
Rakytník;0
Ratkovská Lehota;0
Ratkovská Suchá;0
Rieèka, okres Rimavská Sobota;0
Rimavská Baòa;0
Rimavská Seè;0
Rimavská Sobota;2
Rimavské Brezovo;0
Rimavské Janovce;0
Rimavské Zaluany;0
Rovné, okres Rimavská Sobota;0
Rumince;0
Slizké;0
Stará Bašta;0
Stránska;0
Studená;0
Sútor;0
Šimonovce;0
Širkovce;0
Španie Pole;0
Štrkovec;0
Chanava;0
Tachty;0
Teplı Vrch;0
Tisovec;1
Tomášovce, okres Rimavská Sobota;0
Chrámec;0
Uzovská Panica;0
Valice;0
Vèelince;0
Veèelkov;0
Ve¾ké Teriakovce;0
Ve¾kı Blh;0
Vieska nad Blhom;0
Vlkyòa;0
Vyšné Valice;0
Vyšnı Skálnik;0
Zádor;0
Zacharovce;0
íp;0
Okres Ve¾kı Krtíš;1
Balog nad Ip¾om;0
Bátorová;0
Brusník;0
Bušince;0
Èebovce;0
Èeláre;0
Èelovce, okres Ve¾kı Krtíš;0
Èerveòany;0
Daèov Lom;0
Dolinka;0
Dolná Strehová;0
Dolné Plachtince;0
Dolné Strháre;0
Ïurkovce;0
Glabušovce;0
Horná Strehová;0
Horné Plachtince;0
Horné Strháre;0
Hrušov, okres Ve¾kı Krtíš;0
Ipe¾ské Predmostie;0
Kamenné Kosihy;0
Kiarov;0
Kleòany;0
Koláre;0
Kosihovce;0
Kosihy nad Ip¾om;0
Kováèovce;0
Lesenice;0
¼uborieèka;0
Malá Èalomija;0
Malé Straciny;0
Malé Zlievce;0
Malı Krtíš;0
Modrı Kameò;0
Mu¾a;0
Nenince;0
Nová Ves;0
Obeckov;0
Olováry;0
Opatovská Nová Ves;0
Opava;0
Pôtor;0
Pravica;0
Príbelce;0
Seèianky;0
Se¾any;0
Senné, okres Ve¾kı Krtíš;0
Sklabiná;0
Slovenské Ïarmoty;0
Slovenské K¾aèany;0
Stredné Plachtince;0
Sucháò;0
Suché Brezovo;0
Širákov;0
Šu¾a;0
Chrastince;0
Trebušovce;0
Chrany;0
Ve¾ká Èalomija;0
Ve¾ká Ves nad Ip¾om;0
Ve¾ké Straciny;0
Ve¾ké Zlievce;0
Ve¾kı Krtíš;1
Ve¾kı Lom;0
Vieska, okres Ve¾kı Krtíš;0
Vinica;0
Vrbovka;0
Záhorce;0
Závada, okres Ve¾kı Krtíš;0
elovce;0
Zombor;0
Okres Zvolen;2
Babiná;0
Bacúrov;0
Breziny;0
Budèa;0
Bzovská Lehôtka;0
Dobrá Niva;0
Dubové, okres Zvolen;0
Hronská Breznica;0
Kováèová, okres Zvolen;0
Leš (vojenskı obvod);0
Lieskovec, okres Zvolen;0
Lukavica, okres Zvolen;0
Michalková;0
Oèová;0
Ostrá Lúka;0
Pliešovce;0
Podzámèok;0
Sása, okres Zvolen;0
Sielnica;0
Sliaè;0
Tànie;0
Turová;0
Ve¾ká Lúka;0
elezná Breznica;0
Zvolen;2
Zvolenská Slatina;0
Okres arnovica;1
Brehy;0
Hodruša-Hámre;0
Horné Hámre;0
Hrabièov;0
Hronskı Beòadik;0
K¾ak;0
Malá Lehota;0
Nová Baòa;1
Orovnica;0
Ostrı Grúò;0
Píla, okres arnovica;0
Rudno nad Hronom;0
Tekovská Breznica;0
Ve¾ká Lehota;0
Ve¾ké Pole;0
Voznica;0
arnovica;0
upkov;0
Okres iar nad Hronom;3
Bartošova Lehôtka;0
Bzenica;0
Dolná Trnávka;0
Dolná Ves;0
Dolná daòa;0
Hliník nad Hronom;0
Horná Ves, okres iar nad Hronom;0
Horná daòa;0
Hronská Dúbrava;0
Ihráè;0
Janova Lehota;0
Jastrabá;0
Kopernica;0
Kosorín;0
Krahule;0
Kremnica;2
Kremnické Bane;0
Kunešov;0
Ladomerská Vieska;0
Lehôtka pod Brehmi;0
Lovèa;0
Lovèica-Trubín;0
Lúèky, okres iar nad Hronom;0
Lutila;0
Nevo¾né;0
Pitelová;0
Prestavlky;0
Prochot;0
Repište;0
Sklené Teplice;0
Slaská;0
Stará Kremnièka;0
Trnavá Hora;0
Vyhne;0
iar nad Hronom;1
Prešovskı kraj;38
Okres Bardejov;4
Abrahámovce, okres Bardejov;0
Andrejová;0
Bardejov;4
Bartošovce;0
Belovea;0
Becherov;0
Bogliarka;0
Brezov;0
Brezovka;0
Buclovany;0
Cige¾ka;0
Dubinné;0
Frièka;0
Frièkovce;0
Gaboltov;0
Gerlachov, okres Bardejov;0
Hankovce, okres Bardejov;0
Harhaj;0
Halín;0
Hertník;0
Hervartov;0
Hrabovec;0
Hrabské;0
Hutka;0
Janovce;0
Jedlinka;0
K¾ušov;0
Kobyly;0
Komárov;0
Koprivnica;0
Kochanovce, okres Bardejov;0
Koany;0
Krivé;0
Kríe;0
Krulov;0
Kuèín, okres Bardejov;0
Kurima;0
Kurov;0
Lascov;0
Lenartov;0
Lipová, okres Bardejov;0
Livov;0
Livovská Huta;0
Lopúchov;0
Lukavica, okres Bardejov;0
Lukov;0
Malcov;0
Marhaò;0
Mikulášová;0
Mokroluh;0
Nemcovce, okres Bardejov;0
Niná Polianka;0
Niná Vo¾a;0
Ninı Tvaroec;0
O¾šavce;0
Ondavka;0
Ortuová;0
Osikov;0
Petrová;0
Poliakovce;0
Porúbka, okres Bardejov;0
Raslavice;0
Regetovka;0
Rešov;0
Richvald;0
Rokytov;0
Smilno;0
Snakov;0
Stebnícka Huta;0
Stebník;0
Stu¾any;0
Sverov;0
Šarišské Èierne;0
Šašová;0
Šiba;0
Tarnov;0
Chme¾ová;0
Troèany;0
Vaniškovce;0
Varadka;0
Vyšná Polianka;0
Vyšná Vo¾a;0
Vyšnı Kruèov;0
Vyšnı Tvaroec;0
Zborov;0
Zlaté;0
Okres Humenné;3
Adidovce;0
Baškovce, okres Humenné;0
Brekov;0
Brestov, okres Humenné;0
Èernina;0
Dedaèov;0
Gruzovce;0
Hankovce, okres Humenné;0
Haín nad Cirochou;0
Hrabovec nad Laborcom;0
Hrubov;0
Hudcovce;0
Humenné;3
Jabloò;0
Jankovce;0
Jasenov, okres Humenné;0
Kamenica nad Cirochou;0
Kamienka, okres Humenné;0
Karná;0
Košarovce;0
Koškovce;0
Kochanovce, okres Humenné;0
Lackovce;0
Lieskovec, okres Humenné;0
¼ubiša;0
Lukaèovce;0
Maškovce;0
Modra nad Cirochou;0
Myslina;0
Nechválova Polianka;0
Niná Jablonka;0
Niná Sitnica;0
Niné Ladièkovce;0
Ohradzany;0
Pakostov;0
Papín;0
Porúbka, okres Humenné;0
Pritu¾any;0
Ptièie;0
Rohoník, okres Humenné;0
Rokytov pri Humennom;0
Rovné, okres Humenné;0
Ruská Kajòa;0
Ruská Poruba;0
Slovenská Volová;0
Slovenské Krivé;0
Sopkovce;0
Chlmec;0
Topo¾ovka;0
Turcovce;0
Udavské;0
Valaškovce (vojenskı obvod);0
Ve¾opolie;0
Víazovce;0
Vyšná Jablonka;0
Vyšná Sitnica;0
Vyšné Ladièkovce;0
Vyšnı Hrušov;0
Závada, okres Humenné;0
Závadka, okres Humenné;0
Zbudské Dlhé;0
Zubné;0
Okres Kemarok;2
Abrahámovce, okres Kemarok;0
Bušovce;0
Èervenı Kláštor;0
Havka;0
Holumnica;0
Hradisko;0
Huncovce;0
Ih¾any;0
Javorina (vojenskı obvod);0
Jezersko;0
Jurské;0
Kemarok;1
Kríová Ves;0
Lendak;0
Lechnica;0
¼ubica;0
Majere;0
Malá Franková;0
Malı Slavkov;0
Matiašovce;0
Mlynèeky;0
Osturòa;0
Podhorany, okres Kemarok;0
Rakúsy;0
Re¾ov;0
Slovenská Ves;0
Spišská Belá;0
Spišská Stará Ves;1
Spišské Hanušovce;0
Stará Lesná;0
Stráne pod Tatrami;0
Toporec;0
Tvaroná;0
Ve¾ká Franková;0
Ve¾ká Lomnica;0
Vlková;0
Vlkovce;0
Vojòany;0
Vrbov;0
Vıborná;0
akovce;0
Zálesie, okres Kemarok;0
Okres Levoèa;2
Baldovce;0
Beharovce;0
Bijacovce;0
Brutovce;0
Buglovce;0
Dlhé Stráe;0
Do¾any, okres Levoèa;0
Domaòovce;0
Dravce;0
Dúbrava, okres Levoèa;0
Granè-Petrovce;0
Harakovce;0
Jablonov;0
Klèov;0
Korytné;0
Kurimany;0
Levoèa;2
Lúèka, okres Levoèa;0
Nemešany;0
Niné Repaše;0
O¾šavica;0
Ordzovany;0
Pav¾any;0
Po¾anovce;0
Pongrácovce;0
Spišské Podhradie;0
Spišskı Hrhov;0
Spišskı Štvrtok;0
Studenec;0
Torysky;0
Uloa;0
Vyšné Repaše;0
Vyšnı Slavkov;0
Okres Medzilaborce;1
Brestov nad Laborcom;0
Èabalovce;0
Èabiny;0
Èertiné;0
Habura;0
Kalinov;0
Krásny Brod;0
Medzilaborce;1
Òagov;0
O¾ka;0
O¾šinkov;0
Palota;0
Radvaò nad Laborcom;0
Repejov;0
Rokytovce;0
Roškovce;0
Sukov;0
Svetlice;0
Valentovce;0
Volica;0
Vırava;0
Zbojné;0
Zbudská Belá;0
Okres Poprad;5
Batizovce;0
Gánovce;0
Gerlachov, okres Poprad;0
Hôrka;0
Hozelec;0
Hranovnica;0
Jánovce, okres Poprad;0
Kravany, okres Poprad;0
Liptovská Teplièka;0
Luèivná;0
Mengusovce;0
Mlynica;0
Nová Lesná;0
Poprad;5
Spišská Teplica;0
Spišské Bystré;0
Spišskı Štiavnik;0
Svit;0
Štôla;0
Štrba;0
Šuòava;0
Švábovce;0
Tatranská Javorina;0
Ve¾kı Slavkov;0
Vernár;0
Vikartovce;0
Vydrník;0
Vysoké Tatry;0
diar;0
Okres Prešov;10
Abranovce;0
Bajerov;0
Bertotovce;0
Brestov, okres Prešov;0
Bretejovce;0
Breany;0
Bzenov;0
Èelovce, okres Prešov;0
Èervenica;0
Demjata;0
Drienov;0
Drienovská Nová Ves;0
Dulova Ves;0
Fintice;0
Frièovce;0
Fulianka;0
Geraltov;0
Gregorovce;0
Haniska, okres Prešov;0
Hendrichovce;0
Hermanovce;0
Hrabkov;0
Janov;0
Janovík;0
Kapušany;0
Kendice;0
Klenov;0
Kojatice;0
Kokošovce;0
Kríovany;0
Kvaèany, okres Prešov;0
Lada;0
Laany;0
Lemešany;0
Lesíèek;0
Lièartovce;0
Lipníky;0
Lipovce;0
¼ubotice;0
¼ubovec;0
Lúèina;0
Malı Slivník;0
Malı Šariš;0
Medzany;0
Miklušovce;0
Mirkovce;0
Mošurov;0
Nemcovce, okres Prešov;0
Okruná;0
Ondrašovce;0
Ovèie;0
Petrovany;0
Podhorany, okres Prešov;0
Podhradík;0
Prešov;10
Proè;0
Pušovce;0
Radatice;0
Rokycany;0
Ruská Nová Ves;0
Sedlice;0
Seniakovce;0
Suchá Dolina;0
Svinia;0
Šarišská Poruba;0
Šarišská Trstená;0
Šarišské Bohdanovce;0
Šindliar;0
Široké;0
Štefanovce, okres Prešov;0
Teriakovce;0
Teròa;0
Chme¾ov;0
Chme¾ovec;0
Chmiòany;0
Chminianska Nová Ves;0
Chminianske Jakubovany;0
Trnkov;0
Tuhrina;0
Tulèík;0
Varhaòovce;0
Ve¾kı Slivník;0
Ve¾kı Šariš;0
Víaz;0
Vyšná Šebastová;0
Záborské;0
Záhradné;0
ehòa;0
ipov;0
Zlatá Baòa;0
upèany;0
Okres Sabinov;2
Bajerovce;0
Bodovce;0
Brezovica, okres Sabinov;0
Brezovièka;0
Èervená Voda;0
Èervenica pri Sabinove;0
Ïaèov;0
Daletice;0
Drienica;0
Dubovica;0
Hanigovce;0
Hubošovce;0
Jakovany;0
Jakubova Vo¾a;0
Jakubovany, okres Sabinov;0
Jarovnice;0
Kamenica;0
Krásna Lúka;0
Krivany;0
Lipany;1
Lúèka, okres Sabinov;0
¼utina;0
Milpoš;0
Ninı Slavkov;0
Olejníkov;0
O¾šov;0
Ostrovany;0
Peèovská Nová Ves;0
Poloma;0
Ratvaj;0
Raòany;0
Renèišov;0
Rokovany;0
Sabinov;1
Šarišské Dravce;0
Šarišské Micha¾any;0
Šarišské Sokolovce;0
Tichı Potok;0
Torysa;0
Uzovce;0
Uzovské Pek¾any;0
Uzovskı Šalgov;0
Vysoká, okres Sabinov;0
Okres Snina;2
Belá nad Cirochou;0
Brezovec;0
Èukalovce;0
Dlhé nad Cirochou;0
Dúbrava, okres Snina;0
Hostovice;0
Hrabová Roztoka;0
Jalová;0
Kalná Roztoka;0
Klenová;0
Kolbasov;0
Kolonica;0
Ladomirov;0
Michajlov;0
Nová Sedlica;0
Osadné;0
Parihuzovce;0
Pèoliné;0
Pichne;0
Príslop;0
Runina;0
Ruská Volová;0
Ruskı Potok;0
Snina;2
Stakèín;0
Stakèínska Roztoka;0
Strihovce;0
Šmigovec;0
Topo¾a;0
Ub¾a;0
Uliè;0
Ulièské Krivé;0
Zboj;0
Zemplínske Hámre;0
Okres Stará ¼ubovòa;2
Èirè;0
Ïurková;0
Forbasy;0
Hajtovka;0
Haligovce;0
Hniezdne;0
Hranièné;0
Hromoš;0
Jakubany;0
Jarabina;0
Kamienka, okres Stará ¼ubovòa;0
Kolaèkov;0
Kremná;0
Kyjov;0
Lacková;0
Legnava;0
Lesnica;0
Litmanová;0
Lomnièka;0
¼ubotín;0
Malı Lipník;0
Matysová;0
Mníšek nad Popradom;0
Niné Rubachy;0
Nová ¼ubovòa;0
Obruèné;0
Orlov;0
Plaveè;0
Plavnica;0
Podolínec;0
Pusté Pole;0
Ruská Vo¾a nad Popradom;0
Stará ¼ubovòa;2
Starina;0
Stráòany;0
Sulín;0
Šambron;0
Šarišské Jastrabie;0
Chme¾nica;0
Údol;0
Ve¾ká Lesná;0
Ve¾kı Lipník;0
Vislanka;0
Vyšné Rubachy;0
Okres Stropkov;1
Baòa;0
Breznica;0
Breznièka, okres Stropkov;0
Brusnica;0
Bukovce;0
Bystrá, okres Stropkov;0
Bany;0
Duplín;0
Gribov;0
Havaj;0
Jakušovce;0
Kolbovce;0
Korunková;0
Kouchovce;0
Kriš¾ovce;0
Kruèov;0
Krušinec;0
Lomné;0
Makovce;0
Malá Po¾ana;0
Miková;0
Miòovce;0
Mrázovce;0
Niná Olšava;0
O¾šavka, okres Stropkov;0
Potôèky;0
Potoky;0
So¾ník;0
Staškovce;0
Stropkov;1
Šandal;0
Tisinec;0
Tokajík;0
Chotèa;0
Turany nad Ondavou;0
Varechovce;0
Ve¾krop;0
Vislava;0
Vladièa;0
Vojtovce;0
Vyškovce;0
Vyšná Olšava;0
Vyšnı Hrabovec;0
Okres Svidník;2
Belejovce;0
Beòadikovce;0
Bodrual;0
Cernina;0
Cigla;0
Dlhoòa;0
Dobroslava;0
Dubová, okres Svidník;0
Dukovce;0
Fijaš;0
Giraltovce;1
Havranec;0
Hrabovèík;0
Hunkovce;0
Jurkova Vo¾a;0
Kalnište;0
Kapišová;0
Keèkovce;0
Kobylnice;0
Korejovce;0
Kraèúnovce;0
Krajná Bystrá;0
Krajná Po¾ana;0
Krajná Porúbka;0
Krajné Èierno;0
Krulová;0
Kuková;0
Kurimka;0
Ladomirová;0
Lúèka, okres Svidník;0
Luany pri Topli;0
Matovce;0
Medvedie;0
Mestisko;0
Mièakovce;0
Miro¾a;0
Mlynárovce;0
Niná Jed¾ová;0
Niná Pisaná;0
Ninı Komárnik;0
Ninı Mirošov;0
Ninı Orlík;0
Nová Polianka;0
Okrúhle;0
Príkra;0
Pstriná;0
Radoma;0
Rakovèík;0
Rovné, okres Svidník;0
Roztoky;0
Soboš;0
Stroèín;0
Svidnièka;0
Svidník;1
Šarbov;0
Šarišskı Štiavnik;0
Šemetkovce;0
Štefurov;0
Vagrinec;0
Valkovce;0
Vápeník;0
Vyšná Jed¾ová;0
Vyšná Pisaná;0
Vyšnı Komárnik;0
Vyšnı Mirošov;0
Vyšnı Orlík;0
elezník;0
elmanovce;0
Okres Vranov nad Top¾ou;2
Babie;0
Banské;0
Benkovce;0
Bystré;0
Cabov;0
Èaklov;0
Èièava;0
Èierne nad Top¾ou;0
Ïapalovce;0
Davidov;0
Detrík;0
Dlhé Klèovo;0
Ïurïoš;0
Giglovce;0
Girovce;0
Hanušovce nad Top¾ou;0
Hencovce;0
Hermanovce nad Top¾ou;0
Hlinné;0
Holèíkovce;0
Jasenovce;0
Jastrabie nad Top¾ou;0
Juskova Vo¾a;0
Kamenná Poruba, okres Vranov nad Top¾ou;0
Kladzany;0
Komárany;0
Kuèín, okres Vranov nad Top¾ou;0
Kvakovce;0
Majerovce;0
Malá Domaša;0
Matiaška;0
Medzianky;0
Merník;0
Michalok;0
Ninı Hrabovec;0
Ninı Hrušov;0
Ninı Kruèov;0
Nová Kelèa;0
Ondavské Matiašovce;0
Pavlovce, okres Vranov nad Top¾ou;0
Petkovce;0
Petrovce, okres Vranov nad Top¾ou;0
Piskorovce;0
Poša;0
Prosaèov;0
Radvanovce;0
Rafajovce;0
Remeniny;0
Rudlov;0
Ruská Vo¾a;0
Saèurov;0
Seèovská Polianka;0
Sedliská;0
Skrabské;0
Slovenská Kajòa;0
So¾;0
Štefanovce, okres Vranov nad Top¾ou;0
Tovarné;0
Tovarnianska Polianka;0
Vavrinec;0
Vechec;0
Vlaèa;0
Vranov nad Top¾ou;2
Vyšnı Kazimír;0
Vyšnı ipov;0
alobín;0
Zámutov;0
Zlatník;0
Košickı kraj;34
Okres Gelnica;1
Gelnica;1
Helcmanovce;0
Henclová;0
Hrišovce;0
Jaklovce;0
Kluknava;0
Kojšov;0
Margecany;0
Mníšek nad Hnilcom;0
Nálepkovo;0
Prakovce;0
Richnava;0
Smolnícka Huta;0
Smolník;0
Stará Voda;0
Švedlár;0
Úhorná;0
Ve¾kı Folkmar;0
akarovce;0
Závadka, okres Gelnica;0
Košice I-IV;18
Okres Košice I;9
Košice - mestská èas Kaveèany;0
Košice - mestská èas Dung¾a;0
Košice - mestská èas Sever;1
Košice - mestská èas Sídlisko ahanovce;0
Košice - mestská èas Staré Mesto;8
Košice - mestská èas ahanovce;0
Okres Košice II;4
Košice - mestská èas Lorinèík;0
Košice - mestská èas Luník IX;0
Košice - mestská èas Myslava;0
Košice - mestská èas Pereš;0
Košice - mestská èas Po¾ov;0
Košice - mestská èas Sídlisko KVP;1
Košice - mestská èas Šaca;0
Košice - mestská èas Západ;3
Okres Košice III;1
Košice - mestská èas Dargovskıch hrdinov;1
Košice - mestská èas Košická Nová Ves;0
Okres Košice IV;4
Košice - mestská èas Barca;0
Košice - mestská èas Juh;2
Košice - mestská èas Krásna;0
Košice - mestská èas Nad jazerom;1
Košice - mestská èas Šebastovce;0
Košice - mestská èas Vyšné Opátske;1
Okres Košice - okolie;2
Baèkovík;0
Baška;0
Bela;0
Beniakovce;0
Bidovce;0
Blaice;0
Boèiar;0
Bohdanovce;0
Boliarov;0
Budimír;0
Bukovec, okres Košice - okolie;0
Bunetice;0
Buzica;0
Cestice;0
Èakanovce, okres Košice - okolie;0
Èaòa;0
Èeèejovce;0
Èiatice;0
Debraï;0
Drienovec;0
Drustevná pri Hornáde;0
Ïurïošík;0
Ïurkov;0
Dvorníky-Vèeláre;0
Geèa;0
Gyòov;0
Haèava;0
Háj, okres Košice - okolie;0
Haniska, okres Košice - okolie;0
Her¾any;0
Hodkovce;0
Hosovce, okres Košice - okolie;0
Hrašovík;0
Hı¾ov;0
Janík;0
Jasov;0
Kalša;0
Kecerovce;0
Kecerovskı Lipovec;0
Kechnec;0
Kokšov-Bakša;0
Komárovce;0
Kosto¾any nad Hornádom;0
Košická Belá;0
Košická Polianka;0
Košické O¾šany;0
Košickı Kleèenov;0
Krá¾ovce;0
Kysak;0
Malá Ida;0
Malá Lodina;0
Medzev;0
Milhos;0
Mokrance;0
Moldava nad Bodvou;2
Mudrovce;0
Niná Hutka;0
Niná Kamenica;0
Niná Myš¾a;0
Ninı Èaj;0
Ninı Klátov;0
Ninı Lánec;0
Nová Polhora;0
Nováèany;0
Novı Salaš;0
Obišovce;0
Olšovany;0
Opátka;0
Opiná;0
Paòovce;0
Peder;0
Perín-Chym;0
Ploské, okres Košice - okolie;0
Poproè, okres Košice - okolie;0
Rákoš, okres Košice - okolie;0
Rankovce;0
Rešica;0
Rozhanovce;0
Rudník, okres Košice - okolie;0
Ruskov;0
Sady nad Torysou;0
Seòa;0
Skároš;0
Slanèík;0
Slanec;0
Slanská Huta;0
Slanské Nové Mesto;0
Soko¾;0
Soko¾any;0
Svinica;0
Šemša;0
Štós;0
Chorváty;0
Chrastné;0
Trebejov;0
Trsany;0
Trstené pri Hornáde;0
Turòa nad Bodvou;0
Turnianska Nová Ves;0
Vajkovce;0
Valaliky;0
Ve¾ká Ida;0
Ve¾ká Lodina;0
Vtáèkovce;0
Vyšná Hutka;0
Vyšná Kamenica;0
Vyšná Myš¾a;0
Vyšnı Èaj;0
Vyšnı Klátov;0
Vyšnı Medzev;0
Zádiel;0
arnov;0
daòa;0
Zlatá Idka;0
Okres Michalovce;3
Bajany;0
Bánovce nad Ondavou;0
Beša, okres Michalovce;0
Bracovce;0
Budince;0
Budkovce;0
Èeèehov;0
Èièarovce;0
Èierne Pole;0
Drahòov;0
Dúbravka;0
Falkušovce;0
Hatalov;0
Haín;0
Hnojné;0
Horovce, okres Michalovce;0
Iòaèovce;0
Ikovce;0
Jastrabie pri Michalovciach;0
Jovsa;0
Kaèanov;0
Kalua;0
Kapušianske K¾aèany;0
Klokoèov, okres Michalovce;0
Krásnovce;0
Krišovská Liesková;0
Kusín;0
Lastomír;0
Laškovce;0
Lesné;0
Loín;0
Lúèky, okres Michalovce;0
Malèice;0
Malé Raškovce;0
Markovce;0
Maovské Vojkovce;0
Michalovce;2
Moravany;0
Nacina Ves;0
Oborín;0
Oreské, okres Michalovce;0
Palín;0
Pavlovce nad Uhom;0
Petrikovce;0
Petrovce nad Laborcom;0
Poruba pod Vihorlatom;0
Pozdišovce;0
Ptrukša;0
Pusté Èemerné;0
Rakovec nad Ondavou;0
Ruská;0
Senné, okres Michalovce;0
Slavkovce;0
Sliepkovce;0
Staré;0
Stráske;0
Stretava;0
Stretavka;0
Suché;0
Šamudovce;0
Trhovište;0
Trnava pri Laborci;0
Tušice;0
Tušická Nová Ves;0
Ve¾ké Kapušany;1
Ve¾ké Raškovce;0
Ve¾ké Slemence;0
Vinné;0
Vojany;0
Vo¾a;0
Vrbnica;0
Vysoká nad Uhom;0
Zaluice;0
Závadka, okres Michalovce;0
bince;0
Zbudza;0
Zemplínska Široká;0
Zemplínske Kopèany;0
Okres Roòava;1
Ardovo;0
Betliar;0
Bohúòovo;0
Bôrka;0
Brdárka;0
Bretka;0
Brzotín;0
Èierna Lehota, okres Roòava;0
Èoltovo;0
Èuèma;0
Dedinky;0
Dlhá Ves;0
Dobšiná;0
Drnava;0
Gemerská Hôrka;0
Gemerská Panica;0
Gemerská Poloma;0
Goèaltovo;0
Goèovo;0
Hanková;0
Henckovce;0
Honce;0
Hrhov;0
Hrušov, okres Roòava;0
Jablonov nad Turòou;0
Jovice;0
Keèovo;0
Kobeliarovo;0
Koce¾ovce;0
Kováèová, okres Roòava;0
Krásnohorská Dlhá Lúka;0
Krásnohorské Podhradie;0
Kruná;0
Kunova Teplica;0
Lipovník, okres Roòava;0
Lúèka, okres Roòava;0
Markuška;0
Meliata;0
Niná Slaná;0
Ochtiná;0
Paèa;0
Pašková;0
Petrovo;0
Plešivec;0
Rakovnica;0
Rejdová;0
Roštár;0
Rochovce;0
Rozloná;0
Roòava;1
Roòavské Bystré;0
Rudná;0
Silica;0
Silická Brezová;0
Silická Jablonica;0
Slavec;0
Slavoška;0
Slavošovce;0
Stratená;0
Štítnik;0
Vlachovo;0
Vyšná Slaná;0
Okres Sobrance;1
Baškovce, okres Sobrance;0
Beòatina;0
Beovce;0
Blatná Polianka;0
Blatné Remety;0
Blatné Revištia;0
Bunkovce;0
Fekišovce;0
Hlivištia;0
Horòa;0
Husák;0
Inovce;0
Jasenov, okres Sobrance;0
Jenkovce;0
Kolibabovce;0
Koòuš;0
Korom¾a;0
Krèava;0
Kristy;0
Lekárovce;0
Niná Rybnica;0
Niné Nemecké;0
Orechová;0
Ostrov, okres Sobrance;0
Petrovce, okres Sobrance;0
Pinkovce;0
Podhoroï;0
Porostov;0
Porúbka, okres Sobrance;0
Priekopa;0
Remetské Hámre;0
Ruská Bystrá;0
Ruskovce, okres Sobrance;0
Ruskı Hrabovec;0
Sejkov;0
Sobrance;1
Svätuš;0
Tašu¾a;0
Tibava;0
Choòkovce;0
Úbre;0
Ve¾ké Revištia;0
Vojnatina;0
Vyšná Rybnica;0
Vyšné Nemecké;0
Vyšné Remety;0
Záhor;0
Okres Spišská Nová Ves;4
Arnutovce;0
Betlanovce;0
Bystrany;0
Danišovce;0
Harichovce;0
Hincovce;0
Hnilèík;0
Hnilec;0
Hrabušice;0
Iliašovce;0
Jamník, okres Spišská Nová Ves;0
Ka¾ava;0
Kolinovce;0
Krompachy;1
Letanovce;0
Lieskovany;0
Markušovce;0
Matejovce nad Hornádom;0
Mlynky;0
Odorín;0
Olcnava;0
O¾šavka, okres Spišská Nová Ves;0
Poráè;0
Rudòany;0
Slatvina;0
Slovinky;0
Smiany;0
Spišská Nová Ves;3
Spišské Tomášovce;0
Spišské Vlachy;0
Spišskı Hrušov;0
Teplièka;0
Chras nad Hornádom;0
Vítkovce;0
Vojkovce;0
ehra;0
Okres Trebišov;4
Baèka;0
Baèkov;0
Bara;0
Biel;0
Bo¾;0
Borša;0
Boany;0
Brehov;0
Brezina;0
Byšta;0
Cejkov;0
Èe¾ovce;0
Èerhov;0
Èernochov;0
Èierna;0
Èierna nad Tisou;0
Dargov;0
Dobrá;0
Dvorianky;0
Egreš;0
Hraò;0
Hrèe¾;0
Hriadky;0
Kašov;0
Kazimír;0
Klin nad Bodrogom;0
Kouchov;0
Krá¾ovskı Chlmec;1
Kravany, okres Trebišov;0
Kuzmice, okres Trebišov;0
Kysta;0
Ladmovce;0
Lastovce;0
Leles;0
Luhyòa;0
Malá Tàòa;0
Malé Ozorovce;0
Malé Trakany;0
Malı Horeš;0
Malı Kamenec;0
Micha¾any;0
Ninı ipov;0
Novosad;0
Novı Ruskov;0
Parchovany;0
Plechotice;0
Po¾any;0
Pribeník;0
Rad;0
Seèovce;1
Sirník;0
Slivník;0
Slovenské Nové Mesto;0
So¾nièka;0
Somotor;0
Stanèa;0
Stankovce;0
Stráne;0
Streda nad Bodrogom;0
Svätá Mária;0
Svätuše;0
Svinice;0
Trebišov;2
Trnávka, okres Trebišov;0
Ve¾aty;0
Ve¾ká Tàòa;0
Ve¾ké Ozorovce;0
Ve¾ké Trakany;0
Ve¾kı Horeš;0
Ve¾kı Kamenec;0
Vinièky;0
Višòov;0
Vojèice;0
Vojka;0
Zatín;0
Zbehòov;0
Zemplín;0
Zemplínska Nová Ves;0
Zemplínska Teplica;0
Zemplínske Hradište;0
Zemplínske Jastrabie;0
Zemplínsky Branè;0
